time_s,neural_action,confidence,management_action,pmu_weights
0.039,ACCEPT,0.9333662285969079,ACCEPT ALL PMUs,"[1.0, 1.0, 1.0]"
0.059,ACCEPT,0.9994566878400007,ACCEPT ALL PMUs,"[1.0, 1.0, 1.0]"
0.079,ACCEPT,0.9947175364492926,ACCEPT ALL PMUs,"[1.0, 1.0, 1.0]"
0.099,ACCEPT,0.9982102501529476,ACCEPT ALL PMUs,"[1.0, 1.0, 1.0]"
0.119,ACCEPT,0.9999939623752753,ACCEPT ALL PMUs,"[1.0, 1.0, 1.0]"
0.139,ACCEPT,0.9999934942433127,ACCEPT ALL PMUs,"[1.0, 1.0, 1.0]"
0.159,ACCEPT,0.9999588685451859,ACCEPT ALL PMUs,"[1.0, 1.0, 1.0]"
0.179,ACCEPT,0.9942494535134766,ACCEPT ALL PMUs,"[1.0, 1.0, 1.0]"
0.199,ACCEPT,0.99637161541457,ACCEPT ALL PMUs,"[1.0, 1.0, 1.0]"
0.219,ACCEPT,0.9999861978217277,ACCEPT ALL PMUs,"[1.0, 1.0, 1.0]"
0.239,ACCEPT,0.9996551098149189,ACCEPT ALL PMUs,"[1.0, 1.0, 1.0]"
0.259,ACCEPT,0.9886669447199556,ACCEPT ALL PMUs,"[1.0, 1.0, 1.0]"
0.279,ACCEPT,0.9998722731196726,ACCEPT ALL PMUs,"[1.0, 1.0, 1.0]"
0.299,ACCEPT,0.9941890572839902,ACCEPT ALL PMUs,"[1.0, 1.0, 1.0]"
0.319,ACCEPT,0.9999938181248916,ACCEPT ALL PMUs,"[1.0, 1.0, 1.0]"
0.339,ACCEPT,0.9999987005660608,ACCEPT ALL PMUs,"[1.0, 1.0, 1.0]"
0.359,ACCEPT,0.9999487776169398,ACCEPT ALL PMUs,"[1.0, 1.0, 1.0]"
0.379,ACCEPT,0.9996356744156667,ACCEPT ALL PMUs,"[1.0, 1.0, 1.0]"
0.399,ACCEPT,0.9766967551588204,ACCEPT ALL PMUs,"[1.0, 1.0, 1.0]"
0.419,ACCEPT,0.9975407708917018,ACCEPT ALL PMUs,"[1.0, 1.0, 1.0]"
0.439,ACCEPT,0.9999995431126787,ACCEPT ALL PMUs,"[1.0, 1.0, 1.0]"
0.459,ACCEPT,0.9999943117833096,ACCEPT ALL PMUs,"[1.0, 1.0, 1.0]"
0.479,ACCEPT,0.999989828555954,ACCEPT ALL PMUs,"[1.0, 1.0, 1.0]"
0.499,ACCEPT,0.9986587326387202,ACCEPT ALL PMUs,"[1.0, 1.0, 1.0]"
0.519,ACCEPT,0.9975354003487233,ACCEPT ALL PMUs,"[1.0, 1.0, 1.0]"
0.539,ACCEPT,0.9985653502505906,ACCEPT ALL PMUs,"[1.0, 1.0, 1.0]"
0.559,ACCEPT,0.999993063357483,ACCEPT ALL PMUs,"[1.0, 1.0, 1.0]"
0.579,ACCEPT,0.9998871233165113,ACCEPT ALL PMUs,"[1.0, 1.0, 1.0]"
0.599,ACCEPT,0.9999614386906123,ACCEPT ALL PMUs,"[1.0, 1.0, 1.0]"
0.619,ACCEPT,0.9999613648845326,ACCEPT ALL PMUs,"[1.0, 1.0, 1.0]"
0.639,ACCEPT,0.989507047344516,ACCEPT ALL PMUs,"[1.0, 1.0, 1.0]"
0.659,ACCEPT,0.9820455318009256,ACCEPT ALL PMUs,"[1.0, 1.0, 1.0]"
0.679,ACCEPT,0.9940852624805684,ACCEPT ALL PMUs,"[1.0, 1.0, 1.0]"
0.6990000000000001,ACCEPT,0.9998863574807952,ACCEPT ALL PMUs,"[1.0, 1.0, 1.0]"
0.719,ACCEPT,0.9833358868492703,ACCEPT ALL PMUs,"[1.0, 1.0, 1.0]"
0.739,ACCEPT,0.999997163687105,ACCEPT ALL PMUs,"[1.0, 1.0, 1.0]"
0.759,ACCEPT,0.9992417656904244,ACCEPT ALL PMUs,"[1.0, 1.0, 1.0]"
0.779,ACCEPT,0.9997667809784195,ACCEPT ALL PMUs,"[1.0, 1.0, 1.0]"
0.799,ACCEPT,0.9996605369435356,ACCEPT ALL PMUs,"[1.0, 1.0, 1.0]"
0.8190000000000001,ACCEPT,0.9998221439518211,ACCEPT ALL PMUs,"[1.0, 1.0, 1.0]"
0.839,ACCEPT,0.9999936494156105,ACCEPT ALL PMUs,"[1.0, 1.0, 1.0]"
0.859,ACCEPT,0.9999968355885218,ACCEPT ALL PMUs,"[1.0, 1.0, 1.0]"
0.879,ACCEPT,0.9997862508236149,ACCEPT ALL PMUs,"[1.0, 1.0, 1.0]"
0.899,ACCEPT,0.5646005508701515,HOLD / REQUEST MORE DATA,"[1.0, 1.0, 1.0]"
0.919,DOWNWEIGHT_PMU2,0.8387460608490357,DOWN-WEIGHT PMU2,"[1.0, 0.1, 1.0]"
0.939,DOWNWEIGHT_PMU2,0.9762562383396307,DOWN-WEIGHT PMU2,"[1.0, 0.1, 1.0]"
0.959,DOWNWEIGHT_PMU2,0.9999499964413798,DOWN-WEIGHT PMU2,"[1.0, 0.1, 1.0]"
0.979,DOWNWEIGHT_PMU2,0.9994327849026331,DOWN-WEIGHT PMU2,"[1.0, 0.1, 1.0]"
0.999,DOWNWEIGHT_PMU2,0.9999533496553039,DOWN-WEIGHT PMU2,"[1.0, 0.1, 1.0]"
1.019,DOWNWEIGHT_PMU2,0.999990131514248,DOWN-WEIGHT PMU2,"[1.0, 0.1, 1.0]"
1.039,DOWNWEIGHT_PMU2,0.9999923545279936,DOWN-WEIGHT PMU2,"[1.0, 0.1, 1.0]"
1.059,DOWNWEIGHT_PMU2,0.9999972350873458,DOWN-WEIGHT PMU2,"[1.0, 0.1, 1.0]"
1.079,DOWNWEIGHT_PMU2,0.9999997176230373,DOWN-WEIGHT PMU2,"[1.0, 0.1, 1.0]"
1.099,DOWNWEIGHT_PMU2,0.9999998486777104,DOWN-WEIGHT PMU2,"[1.0, 0.1, 1.0]"
1.119,DOWNWEIGHT_PMU2,0.9999999427023909,DOWN-WEIGHT PMU2,"[1.0, 0.1, 1.0]"
1.139,DOWNWEIGHT_PMU2,0.9999999878352058,DOWN-WEIGHT PMU2,"[1.0, 0.1, 1.0]"
1.159,DOWNWEIGHT_PMU2,0.999999994201227,DOWN-WEIGHT PMU2,"[1.0, 0.1, 1.0]"
1.179,DOWNWEIGHT_PMU2,0.9999999949777634,DOWN-WEIGHT PMU2,"[1.0, 0.1, 1.0]"
1.199,DOWNWEIGHT_PMU2,0.9999999990931399,DOWN-WEIGHT PMU2,"[1.0, 0.1, 1.0]"
1.219,DOWNWEIGHT_PMU2,0.9999999991983786,DOWN-WEIGHT PMU2,"[1.0, 0.1, 1.0]"
1.239,DOWNWEIGHT_PMU2,0.999999999888783,DOWN-WEIGHT PMU2,"[1.0, 0.1, 1.0]"
1.259,DOWNWEIGHT_PMU2,0.9999999992223283,DOWN-WEIGHT PMU2,"[1.0, 0.1, 1.0]"
1.279,DOWNWEIGHT_PMU2,0.999999997550701,DOWN-WEIGHT PMU2,"[1.0, 0.1, 1.0]"
1.299,DOWNWEIGHT_PMU2,0.9999999999743017,DOWN-WEIGHT PMU2,"[1.0, 0.1, 1.0]"
1.319,DOWNWEIGHT_PMU2,0.9999999999973288,DOWN-WEIGHT PMU2,"[1.0, 0.1, 1.0]"
1.339,DOWNWEIGHT_PMU2,0.9999999999989231,DOWN-WEIGHT PMU2,"[1.0, 0.1, 1.0]"
1.359,DOWNWEIGHT_PMU2,0.9999999999960747,DOWN-WEIGHT PMU2,"[1.0, 0.1, 1.0]"
1.379,DOWNWEIGHT_PMU2,0.9999999999984996,DOWN-WEIGHT PMU2,"[1.0, 0.1, 1.0]"
1.399,DOWNWEIGHT_PMU2,0.9999999999998401,DOWN-WEIGHT PMU2,"[1.0, 0.1, 1.0]"
1.419,DOWNWEIGHT_PMU2,0.9999999999999332,DOWN-WEIGHT PMU2,"[1.0, 0.1, 1.0]"
1.439,DOWNWEIGHT_PMU2,0.9999999999999607,DOWN-WEIGHT PMU2,"[1.0, 0.1, 1.0]"
1.459,DOWNWEIGHT_PMU2,0.9999999999999711,DOWN-WEIGHT PMU2,"[1.0, 0.1, 1.0]"
1.479,DOWNWEIGHT_PMU2,0.9999999999999931,DOWN-WEIGHT PMU2,"[1.0, 0.1, 1.0]"
1.499,DOWNWEIGHT_PMU2,0.9999999999999982,DOWN-WEIGHT PMU2,"[1.0, 0.1, 1.0]"
1.519,DOWNWEIGHT_PMU2,0.9999999999999993,DOWN-WEIGHT PMU2,"[1.0, 0.1, 1.0]"
1.539,DOWNWEIGHT_PMU2,0.9999999999999991,DOWN-WEIGHT PMU2,"[1.0, 0.1, 1.0]"
1.559,DOWNWEIGHT_PMU2,0.9999999999999991,DOWN-WEIGHT PMU2,"[1.0, 0.1, 1.0]"
1.579,DOWNWEIGHT_PMU2,0.9999999999999998,DOWN-WEIGHT PMU2,"[1.0, 0.1, 1.0]"
1.599,DOWNWEIGHT_PMU2,1.0,DOWN-WEIGHT PMU2,"[1.0, 0.1, 1.0]"
1.619,DOWNWEIGHT_PMU2,1.0,DOWN-WEIGHT PMU2,"[1.0, 0.1, 1.0]"
1.639,DOWNWEIGHT_PMU2,1.0,DOWN-WEIGHT PMU2,"[1.0, 0.1, 1.0]"
1.659,DOWNWEIGHT_PMU2,1.0,DOWN-WEIGHT PMU2,"[1.0, 0.1, 1.0]"
1.679,DOWNWEIGHT_PMU2,1.0,DOWN-WEIGHT PMU2,"[1.0, 0.1, 1.0]"
1.699,DOWNWEIGHT_PMU2,1.0,DOWN-WEIGHT PMU2,"[1.0, 0.1, 1.0]"
1.719,DOWNWEIGHT_PMU2,1.0,DOWN-WEIGHT PMU2,"[1.0, 0.1, 1.0]"
1.739,DOWNWEIGHT_PMU2,1.0,DOWN-WEIGHT PMU2,"[1.0, 0.1, 1.0]"
1.759,DOWNWEIGHT_PMU2,1.0,DOWN-WEIGHT PMU2,"[1.0, 0.1, 1.0]"
1.779,DOWNWEIGHT_PMU2,1.0,DOWN-WEIGHT PMU2,"[1.0, 0.1, 1.0]"
1.799,DOWNWEIGHT_PMU2,1.0,DOWN-WEIGHT PMU2,"[1.0, 0.1, 1.0]"
1.819,DOWNWEIGHT_PMU2,1.0,DOWN-WEIGHT PMU2,"[1.0, 0.1, 1.0]"
1.839,DOWNWEIGHT_PMU2,1.0,DOWN-WEIGHT PMU2,"[1.0, 0.1, 1.0]"
1.859,DOWNWEIGHT_PMU2,1.0,DOWN-WEIGHT PMU2,"[1.0, 0.1, 1.0]"
1.879,DOWNWEIGHT_PMU2,1.0,DOWN-WEIGHT PMU2,"[1.0, 0.1, 1.0]"
1.899,DOWNWEIGHT_PMU2,1.0,DOWN-WEIGHT PMU2,"[1.0, 0.1, 1.0]"
1.919,DOWNWEIGHT_PMU2,1.0,DOWN-WEIGHT PMU2,"[1.0, 0.1, 1.0]"
1.939,DOWNWEIGHT_PMU2,1.0,DOWN-WEIGHT PMU2,"[1.0, 0.1, 1.0]"
1.959,DOWNWEIGHT_PMU2,1.0,DOWN-WEIGHT PMU2,"[1.0, 0.1, 1.0]"
1.979,DOWNWEIGHT_PMU2,1.0,DOWN-WEIGHT PMU2,"[1.0, 0.1, 1.0]"
1.999,DOWNWEIGHT_PMU2,1.0,DOWN-WEIGHT PMU2,"[1.0, 0.1, 1.0]"
2.019,DOWNWEIGHT_PMU2,0.9999999996568645,DOWN-WEIGHT PMU2,"[1.0, 0.1, 1.0]"
2.039,DOWNWEIGHT_PMU2,0.999999999999678,DOWN-WEIGHT PMU2,"[1.0, 0.1, 1.0]"
2.059,DOWNWEIGHT_PMU2,0.9999999999997813,DOWN-WEIGHT PMU2,"[1.0, 0.1, 1.0]"
2.079,DOWNWEIGHT_PMU2,0.9999999999999669,DOWN-WEIGHT PMU2,"[1.0, 0.1, 1.0]"
2.099,DOWNWEIGHT_PMU2,0.9999999999999687,DOWN-WEIGHT PMU2,"[1.0, 0.1, 1.0]"
2.119,DOWNWEIGHT_PMU2,0.9999999999999962,DOWN-WEIGHT PMU2,"[1.0, 0.1, 1.0]"
2.139,DOWNWEIGHT_PMU2,0.9999999999999851,DOWN-WEIGHT PMU2,"[1.0, 0.1, 1.0]"
2.1590000000000003,DOWNWEIGHT_PMU2,0.9999999999999993,DOWN-WEIGHT PMU2,"[1.0, 0.1, 1.0]"
2.179,DOWNWEIGHT_PMU2,0.9999999999999996,DOWN-WEIGHT PMU2,"[1.0, 0.1, 1.0]"
2.199,DOWNWEIGHT_PMU2,0.9999999999999998,DOWN-WEIGHT PMU2,"[1.0, 0.1, 1.0]"
2.219,DOWNWEIGHT_PMU2,0.9999999999999998,DOWN-WEIGHT PMU2,"[1.0, 0.1, 1.0]"
2.239,DOWNWEIGHT_PMU2,1.0,DOWN-WEIGHT PMU2,"[1.0, 0.1, 1.0]"
2.259,DOWNWEIGHT_PMU2,1.0,DOWN-WEIGHT PMU2,"[1.0, 0.1, 1.0]"
2.279,DOWNWEIGHT_PMU2,1.0,DOWN-WEIGHT PMU2,"[1.0, 0.1, 1.0]"
2.299,DOWNWEIGHT_PMU2,1.0,DOWN-WEIGHT PMU2,"[1.0, 0.1, 1.0]"
2.319,DOWNWEIGHT_PMU2,1.0,DOWN-WEIGHT PMU2,"[1.0, 0.1, 1.0]"
2.339,DOWNWEIGHT_PMU2,1.0,DOWN-WEIGHT PMU2,"[1.0, 0.1, 1.0]"
2.359,DOWNWEIGHT_PMU2,1.0,DOWN-WEIGHT PMU2,"[1.0, 0.1, 1.0]"
2.379,DOWNWEIGHT_PMU2,1.0,DOWN-WEIGHT PMU2,"[1.0, 0.1, 1.0]"
2.399,DOWNWEIGHT_PMU2,1.0,DOWN-WEIGHT PMU2,"[1.0, 0.1, 1.0]"
2.419,DOWNWEIGHT_PMU2,1.0,DOWN-WEIGHT PMU2,"[1.0, 0.1, 1.0]"
2.439,DOWNWEIGHT_PMU2,1.0,DOWN-WEIGHT PMU2,"[1.0, 0.1, 1.0]"
2.459,DOWNWEIGHT_PMU2,1.0,DOWN-WEIGHT PMU2,"[1.0, 0.1, 1.0]"
2.479,DOWNWEIGHT_PMU2,1.0,DOWN-WEIGHT PMU2,"[1.0, 0.1, 1.0]"
2.499,DOWNWEIGHT_PMU2,1.0,DOWN-WEIGHT PMU2,"[1.0, 0.1, 1.0]"
2.519,DOWNWEIGHT_PMU2,1.0,DOWN-WEIGHT PMU2,"[1.0, 0.1, 1.0]"
2.539,DOWNWEIGHT_PMU2,1.0,DOWN-WEIGHT PMU2,"[1.0, 0.1, 1.0]"
2.559,DOWNWEIGHT_PMU2,1.0,DOWN-WEIGHT PMU2,"[1.0, 0.1, 1.0]"
2.579,DOWNWEIGHT_PMU2,1.0,DOWN-WEIGHT PMU2,"[1.0, 0.1, 1.0]"
2.599,DOWNWEIGHT_PMU2,1.0,DOWN-WEIGHT PMU2,"[1.0, 0.1, 1.0]"
2.619,DOWNWEIGHT_PMU2,1.0,DOWN-WEIGHT PMU2,"[1.0, 0.1, 1.0]"
2.639,DOWNWEIGHT_PMU2,1.0,DOWN-WEIGHT PMU2,"[1.0, 0.1, 1.0]"
2.6590000000000003,DOWNWEIGHT_PMU2,1.0,DOWN-WEIGHT PMU2,"[1.0, 0.1, 1.0]"
2.6790000000000003,DOWNWEIGHT_PMU2,1.0,DOWN-WEIGHT PMU2,"[1.0, 0.1, 1.0]"
2.699,DOWNWEIGHT_PMU2,1.0,DOWN-WEIGHT PMU2,"[1.0, 0.1, 1.0]"
2.719,DOWNWEIGHT_PMU2,1.0,DOWN-WEIGHT PMU2,"[1.0, 0.1, 1.0]"
2.739,DOWNWEIGHT_PMU2,1.0,DOWN-WEIGHT PMU2,"[1.0, 0.1, 1.0]"
2.759,DOWNWEIGHT_PMU2,1.0,DOWN-WEIGHT PMU2,"[1.0, 0.1, 1.0]"
2.779,DOWNWEIGHT_PMU2,1.0,DOWN-WEIGHT PMU2,"[1.0, 0.1, 1.0]"
2.799,DOWNWEIGHT_PMU2,1.0,DOWN-WEIGHT PMU2,"[1.0, 0.1, 1.0]"
2.819,DOWNWEIGHT_PMU2,1.0,DOWN-WEIGHT PMU2,"[1.0, 0.1, 1.0]"
2.839,DOWNWEIGHT_PMU2,1.0,DOWN-WEIGHT PMU2,"[1.0, 0.1, 1.0]"
2.859,DOWNWEIGHT_PMU2,1.0,DOWN-WEIGHT PMU2,"[1.0, 0.1, 1.0]"
2.879,DOWNWEIGHT_PMU2,1.0,DOWN-WEIGHT PMU2,"[1.0, 0.1, 1.0]"
2.899,DOWNWEIGHT_PMU2,1.0,DOWN-WEIGHT PMU2,"[1.0, 0.1, 1.0]"
2.919,DOWNWEIGHT_PMU2,1.0,DOWN-WEIGHT PMU2,"[1.0, 0.1, 1.0]"
2.939,DOWNWEIGHT_PMU2,1.0,DOWN-WEIGHT PMU2,"[1.0, 0.1, 1.0]"
2.959,DOWNWEIGHT_PMU2,1.0,DOWN-WEIGHT PMU2,"[1.0, 0.1, 1.0]"
2.979,DOWNWEIGHT_PMU2,1.0,DOWN-WEIGHT PMU2,"[1.0, 0.1, 1.0]"
2.999,DOWNWEIGHT_PMU2,1.0,DOWN-WEIGHT PMU2,"[1.0, 0.1, 1.0]"
3.019,DOWNWEIGHT_PMU2,1.0,DOWN-WEIGHT PMU2,"[1.0, 0.1, 1.0]"
3.039,DOWNWEIGHT_PMU2,1.0,DOWN-WEIGHT PMU2,"[1.0, 0.1, 1.0]"
3.059,DOWNWEIGHT_PMU2,1.0,DOWN-WEIGHT PMU2,"[1.0, 0.1, 1.0]"
3.079,ACCEPT,0.999999616278332,ACCEPT ALL PMUs,"[1.0, 1.0, 1.0]"
3.099,ACCEPT,0.9999997942528155,ACCEPT ALL PMUs,"[1.0, 1.0, 1.0]"
3.119,ACCEPT,0.9999531245298825,ACCEPT ALL PMUs,"[1.0, 1.0, 1.0]"
3.139,ACCEPT,0.9999764450544183,ACCEPT ALL PMUs,"[1.0, 1.0, 1.0]"
3.1590000000000003,ACCEPT,0.9999946941758915,ACCEPT ALL PMUs,"[1.0, 1.0, 1.0]"
3.1790000000000003,ACCEPT,0.999999607998254,ACCEPT ALL PMUs,"[1.0, 1.0, 1.0]"
3.1990000000000003,ACCEPT,0.9998597226908327,ACCEPT ALL PMUs,"[1.0, 1.0, 1.0]"
3.219,ACCEPT,0.9999991009186676,ACCEPT ALL PMUs,"[1.0, 1.0, 1.0]"
3.239,ACCEPT,0.9999973270606123,ACCEPT ALL PMUs,"[1.0, 1.0, 1.0]"
3.259,ACCEPT,0.9999982307339607,ACCEPT ALL PMUs,"[1.0, 1.0, 1.0]"
3.279,ACCEPT,0.9999963576327286,ACCEPT ALL PMUs,"[1.0, 1.0, 1.0]"
3.299,ACCEPT,0.9999937726740853,ACCEPT ALL PMUs,"[1.0, 1.0, 1.0]"
3.319,ACCEPT,0.9999742181750562,ACCEPT ALL PMUs,"[1.0, 1.0, 1.0]"
3.339,ACCEPT,0.9999429260330456,ACCEPT ALL PMUs,"[1.0, 1.0, 1.0]"
3.359,ACCEPT,0.9998789500846126,ACCEPT ALL PMUs,"[1.0, 1.0, 1.0]"
3.379,ACCEPT,0.9999989305849505,ACCEPT ALL PMUs,"[1.0, 1.0, 1.0]"
3.399,ACCEPT,0.9999988071519119,ACCEPT ALL PMUs,"[1.0, 1.0, 1.0]"
3.419,ACCEPT,0.998400958230816,ACCEPT ALL PMUs,"[1.0, 1.0, 1.0]"
3.439,ACCEPT,0.9999940151457383,ACCEPT ALL PMUs,"[1.0, 1.0, 1.0]"
3.459,ACCEPT,0.9999958388261458,ACCEPT ALL PMUs,"[1.0, 1.0, 1.0]"
3.479,ACCEPT,0.9999977274746242,ACCEPT ALL PMUs,"[1.0, 1.0, 1.0]"
3.499,ACCEPT,0.999998726257347,ACCEPT ALL PMUs,"[1.0, 1.0, 1.0]"
3.519,ACCEPT,0.9999964215352434,ACCEPT ALL PMUs,"[1.0, 1.0, 1.0]"
3.539,ACCEPT,0.9999870925155768,ACCEPT ALL PMUs,"[1.0, 1.0, 1.0]"
3.559,ACCEPT,0.998732725811103,ACCEPT ALL PMUs,"[1.0, 1.0, 1.0]"
3.579,ACCEPT,0.9999889284376084,ACCEPT ALL PMUs,"[1.0, 1.0, 1.0]"
3.599,ACCEPT,0.9999896687875391,ACCEPT ALL PMUs,"[1.0, 1.0, 1.0]"
3.619,ACCEPT,0.999999637715923,ACCEPT ALL PMUs,"[1.0, 1.0, 1.0]"
3.639,ACCEPT,0.9998509604848983,ACCEPT ALL PMUs,"[1.0, 1.0, 1.0]"
3.659,ACCEPT,0.9999973141563472,ACCEPT ALL PMUs,"[1.0, 1.0, 1.0]"
3.679,ACCEPT,0.9999102273673529,ACCEPT ALL PMUs,"[1.0, 1.0, 1.0]"
3.699,ACCEPT,0.9999988364807639,ACCEPT ALL PMUs,"[1.0, 1.0, 1.0]"
3.719,ACCEPT,0.9999959191015804,ACCEPT ALL PMUs,"[1.0, 1.0, 1.0]"
3.739,ACCEPT,0.9999976528721276,ACCEPT ALL PMUs,"[1.0, 1.0, 1.0]"
3.759,ACCEPT,0.9998928241382522,ACCEPT ALL PMUs,"[1.0, 1.0, 1.0]"
3.779,ACCEPT,0.9997089120832862,ACCEPT ALL PMUs,"[1.0, 1.0, 1.0]"
3.799,ACCEPT,0.9999990174583316,ACCEPT ALL PMUs,"[1.0, 1.0, 1.0]"
3.819,ACCEPT,0.9999997956716613,ACCEPT ALL PMUs,"[1.0, 1.0, 1.0]"
3.839,ACCEPT,0.9999989365628175,ACCEPT ALL PMUs,"[1.0, 1.0, 1.0]"
3.859,ACCEPT,0.999994464802973,ACCEPT ALL PMUs,"[1.0, 1.0, 1.0]"
3.879,ACCEPT,0.9999996072792149,ACCEPT ALL PMUs,"[1.0, 1.0, 1.0]"
3.899,ACCEPT,0.9999972903091016,ACCEPT ALL PMUs,"[1.0, 1.0, 1.0]"
3.919,ACCEPT,0.9999897257795276,ACCEPT ALL PMUs,"[1.0, 1.0, 1.0]"
3.939,ACCEPT,0.9999980182875351,ACCEPT ALL PMUs,"[1.0, 1.0, 1.0]"
3.959,ACCEPT,0.9999727675323594,ACCEPT ALL PMUs,"[1.0, 1.0, 1.0]"
3.979,ACCEPT,0.9999992064386614,ACCEPT ALL PMUs,"[1.0, 1.0, 1.0]"
3.999,ACCEPT,0.9999877683634135,ACCEPT ALL PMUs,"[1.0, 1.0, 1.0]"
